{
  "schema": "1.0",
  "comment": "This file maps proto services/RPCs to the corresponding library clients/methods.",
  "language": "go",
  "protoPackage": "google.analytics.admin.v1alpha",
  "libraryPackage": "cloud.google.com/go/analytics/admin/apiv1alpha",
  "services": {
    "AnalyticsAdminService": {
      "clients": {
        "grpc": {
          "libraryClient": "AnalyticsAdminClient",
          "rpcs": {
            "ArchiveCustomDimension": {
              "methods": [
                "ArchiveCustomDimension"
              ]
            },
            "ArchiveCustomMetric": {
              "methods": [
                "ArchiveCustomMetric"
              ]
            },
            "AuditUserLinks": {
              "methods": [
                "AuditUserLinks"
              ]
            },
            "BatchCreateUserLinks": {
              "methods": [
                "BatchCreateUserLinks"
              ]
            },
            "BatchDeleteUserLinks": {
              "methods": [
                "BatchDeleteUserLinks"
              ]
            },
            "BatchGetUserLinks": {
              "methods": [
                "BatchGetUserLinks"
              ]
            },
            "BatchUpdateUserLinks": {
              "methods": [
                "BatchUpdateUserLinks"
              ]
            },
            "CreateConversionEvent": {
              "methods": [
                "CreateConversionEvent"
              ]
            },
            "CreateCustomDimension": {
              "methods": [
                "CreateCustomDimension"
              ]
            },
            "CreateCustomMetric": {
              "methods": [
                "CreateCustomMetric"
              ]
            },
            "CreateFirebaseLink": {
              "methods": [
                "CreateFirebaseLink"
              ]
            },
            "CreateGoogleAdsLink": {
              "methods": [
                "CreateGoogleAdsLink"
              ]
            },
            "CreateMeasurementProtocolSecret": {
              "methods": [
                "CreateMeasurementProtocolSecret"
              ]
            },
            "CreateProperty": {
              "methods": [
                "CreateProperty"
              ]
            },
            "CreateUserLink": {
              "methods": [
                "CreateUserLink"
              ]
            },
            "CreateWebDataStream": {
              "methods": [
                "CreateWebDataStream"
              ]
            },
            "DeleteAccount": {
              "methods": [
                "DeleteAccount"
              ]
            },
            "DeleteAndroidAppDataStream": {
              "methods": [
                "DeleteAndroidAppDataStream"
              ]
            },
            "DeleteConversionEvent": {
              "methods": [
                "DeleteConversionEvent"
              ]
            },
            "DeleteFirebaseLink": {
              "methods": [
                "DeleteFirebaseLink"
              ]
            },
            "DeleteGoogleAdsLink": {
              "methods": [
                "DeleteGoogleAdsLink"
              ]
            },
            "DeleteIosAppDataStream": {
              "methods": [
                "DeleteIosAppDataStream"
              ]
            },
            "DeleteMeasurementProtocolSecret": {
              "methods": [
                "DeleteMeasurementProtocolSecret"
              ]
            },
            "DeleteProperty": {
              "methods": [
                "DeleteProperty"
              ]
            },
            "DeleteUserLink": {
              "methods": [
                "DeleteUserLink"
              ]
            },
            "DeleteWebDataStream": {
              "methods": [
                "DeleteWebDataStream"
              ]
            },
            "GetAccount": {
              "methods": [
                "GetAccount"
              ]
            },
            "GetAndroidAppDataStream": {
              "methods": [
                "GetAndroidAppDataStream"
              ]
            },
            "GetConversionEvent": {
              "methods": [
                "GetConversionEvent"
              ]
            },
            "GetCustomDimension": {
              "methods": [
                "GetCustomDimension"
              ]
            },
            "GetCustomMetric": {
              "methods": [
                "GetCustomMetric"
              ]
            },
            "GetDataSharingSettings": {
              "methods": [
                "GetDataSharingSettings"
              ]
            },
            "GetEnhancedMeasurementSettings": {
              "methods": [
                "GetEnhancedMeasurementSettings"
              ]
            },
            "GetGlobalSiteTag": {
              "methods": [
                "GetGlobalSiteTag"
              ]
            },
            "GetGoogleSignalsSettings": {
              "methods": [
                "GetGoogleSignalsSettings"
              ]
            },
            "GetIosAppDataStream": {
              "methods": [
                "GetIosAppDataStream"
              ]
            },
            "GetMeasurementProtocolSecret": {
              "methods": [
                "GetMeasurementProtocolSecret"
              ]
            },
            "GetProperty": {
              "methods": [
                "GetProperty"
              ]
            },
            "GetUserLink": {
              "methods": [
                "GetUserLink"
              ]
            },
            "GetWebDataStream": {
              "methods": [
                "GetWebDataStream"
              ]
            },
            "ListAccountSummaries": {
              "methods": [
                "ListAccountSummaries"
              ]
            },
            "ListAccounts": {
              "methods": [
                "ListAccounts"
              ]
            },
            "ListAndroidAppDataStreams": {
              "methods": [
                "ListAndroidAppDataStreams"
              ]
            },
            "ListConversionEvents": {
              "methods": [
                "ListConversionEvents"
              ]
            },
            "ListCustomDimensions": {
              "methods": [
                "ListCustomDimensions"
              ]
            },
            "ListCustomMetrics": {
              "methods": [
                "ListCustomMetrics"
              ]
            },
            "ListFirebaseLinks": {
              "methods": [
                "ListFirebaseLinks"
              ]
            },
            "ListGoogleAdsLinks": {
              "methods": [
                "ListGoogleAdsLinks"
              ]
            },
            "ListIosAppDataStreams": {
              "methods": [
                "ListIosAppDataStreams"
              ]
            },
            "ListMeasurementProtocolSecrets": {
              "methods": [
                "ListMeasurementProtocolSecrets"
              ]
            },
            "ListProperties": {
              "methods": [
                "ListProperties"
              ]
            },
            "ListUserLinks": {
              "methods": [
                "ListUserLinks"
              ]
            },
            "ListWebDataStreams": {
              "methods": [
                "ListWebDataStreams"
              ]
            },
            "ProvisionAccountTicket": {
              "methods": [
                "ProvisionAccountTicket"
              ]
            },
            "SearchChangeHistoryEvents": {
              "methods": [
                "SearchChangeHistoryEvents"
              ]
            },
            "UpdateAccount": {
              "methods": [
                "UpdateAccount"
              ]
            },
            "UpdateAndroidAppDataStream": {
              "methods": [
                "UpdateAndroidAppDataStream"
              ]
            },
            "UpdateCustomDimension": {
              "methods": [
                "UpdateCustomDimension"
              ]
            },
            "UpdateCustomMetric": {
              "methods": [
                "UpdateCustomMetric"
              ]
            },
            "UpdateEnhancedMeasurementSettings": {
              "methods": [
                "UpdateEnhancedMeasurementSettings"
              ]
            },
            "UpdateFirebaseLink": {
              "methods": [
                "UpdateFirebaseLink"
              ]
            },
            "UpdateGoogleAdsLink": {
              "methods": [
                "UpdateGoogleAdsLink"
              ]
            },
            "UpdateGoogleSignalsSettings": {
              "methods": [
                "UpdateGoogleSignalsSettings"
              ]
            },
            "UpdateIosAppDataStream": {
              "methods": [
                "UpdateIosAppDataStream"
              ]
            },
            "UpdateMeasurementProtocolSecret": {
              "methods": [
                "UpdateMeasurementProtocolSecret"
              ]
            },
            "UpdateProperty": {
              "methods": [
                "UpdateProperty"
              ]
            },
            "UpdateUserLink": {
              "methods": [
                "UpdateUserLink"
              ]
            },
            "UpdateWebDataStream": {
              "methods": [
                "UpdateWebDataStream"
              ]
            }
          }
        }
      }
    }
  }
}
